B,false,q1-csv-strategy1-no_slice.sparql,1,1,5,4,17,16
B,false,q10-csv-strategy1-no_slice.sparql,1,1,2,1,0,2
B,false,q10-csv-strategy1-no_slice.sparql,2,1,3,2,1,4
B,false,q11-csv-strategy1-no_slice.sparql,1,1,3,2,0,4
B,false,q11-csv-strategy1-no_slice.sparql,2,1,4,3,0,8
B,false,q11-csv-strategy1-no_slice.sparql,3,1,1,2,1,4
B,false,q11-csv-strategy1-no_slice.sparql,4,1,2,1,0,2
B,false,q12-csv-strategy1-no_slice.sparql,1,1,3,2,0,4
B,false,q12-csv-strategy1-no_slice.sparql,2,1,3,2,1,4
B,false,q12-csv-strategy1-no_slice.sparql,3,1,3,2,1,4
B,false,q12-csv-strategy1-no_slice.sparql,4,1,3,3,0,8
B,false,q13-csv-strategy1-no_slice.sparql,1,1,3,2,1,4
B,false,q13-csv-strategy1-no_slice.sparql,2,1,2,1,0,2
B,false,q13-csv-strategy1-no_slice.sparql,3,1,4,3,1,8
B,false,q14-csv-strategy1-no_slice.sparql,1,1,5,4,0,16
B,false,q14-csv-strategy1-no_slice.sparql,2,1,3,2,0,4
B,false,q14-csv-strategy1-no_slice.sparql,3,1,2,1,0,2
B,false,q14-csv-strategy1-no_slice.sparql,4,1,2,1,0,2
B,false,q15-csv-strategy1-no_slice.sparql,1,1,4,2,1,24
B,false,q16-csv-strategy1-no_slice.sparql,1,1,4,3,0,8
B,false,q16-csv-strategy1-no_slice.sparql,2,1,3,3,0,8
B,false,q17-csv-strategy1-no_slice.sparql,1,1,2,1,0,2
B,false,q17-csv-strategy1-no_slice.sparql,2,1,2,1,0,2
B,false,q17-csv-strategy1-no_slice.sparql,3,1,4,3,0,8
B,false,q17-csv-strategy1-no_slice.sparql,4,1,4,3,1,8
B,false,q18-csv-strategy1-no_slice.sparql,1,1,2,2,0,4
B,false,q18-csv-strategy1-no_slice.sparql,2,1,4,3,0,8
B,false,q18-csv-strategy1-no_slice.sparql,3,1,2,1,0,2
B,false,q18-csv-strategy1-no_slice.sparql,4,1,2,1,0,2
B,false,q18-csv-strategy1-no_slice.sparql,5,1,2,1,0,2
B,false,q2-csv-strategy1-no_slice.sparql,1,1,2,1,1,2
B,false,q2-csv-strategy1-no_slice.sparql,2,1,2,1,0,2
B,false,q2-csv-strategy1-no_slice.sparql,3,1,2,1,0,2
B,false,q2-csv-strategy1-no_slice.sparql,4,1,3,2,0,4
B,false,q3-csv-strategy1-no_slice.sparql,1,1,2,1,0,2
B,false,q3-csv-strategy1-no_slice.sparql,2,1,2,1,0,2
B,false,q3-csv-strategy1-no_slice.sparql,3,1,2,1,0,2
B,false,q3-csv-strategy1-no_slice.sparql,4,1,3,2,1,4
B,false,q3-csv-strategy1-no_slice.sparql,5,1,2,1,0,2
B,false,q4-csv-strategy1-no_slice.sparql,1,1,2,1,0,2
B,false,q4-csv-strategy1-no_slice.sparql,2,1,2,1,0,2
B,false,q4-csv-strategy1-no_slice.sparql,3,1,2,1,0,2
B,false,q4-csv-strategy1-no_slice.sparql,4,1,2,1,1,2
B,false,q4-csv-strategy1-no_slice.sparql,5,1,2,1,0,2
B,false,q4-csv-strategy1-no_slice.sparql,6,1,4,3,0,8
B,false,q4-csv-strategy1-no_slice.sparql,7,1,2,1,0,2
B,false,q5-csv-strategy1-no_slice.sparql,1,1,4,3,0,8
B,false,q6-csv-strategy1-no_slice.sparql,1,1,3,2,0,4
B,false,q7-csv-strategy1-no_slice.sparql,1,1,2,1,1,2
B,false,q7-csv-strategy1-no_slice.sparql,2,1,2,1,0,2
B,false,q7-csv-strategy1-no_slice.sparql,3,1,2,1,0,2
B,false,q7-csv-strategy1-no_slice.sparql,4,1,3,2,0,4
B,false,q7-csv-strategy1-no_slice.sparql,5,1,2,1,0,2
B,false,q7-csv-strategy1-no_slice.sparql,6,1,2,1,0,2
B,false,q7-csv-strategy1-no_slice.sparql,7,1,3,2,0,4
B,false,q7-csv-strategy1-no_slice.sparql,8,1,2,2,0,4
B,false,q7-csv-strategy1-no_slice.sparql,9,1,2,1,1,2
B,false,q7-csv-strategy1-no_slice.sparql,10,1,3,2,0,4
B,false,q8-csv-strategy1-no_slice.sparql,1,1,2,1,1,2
B,false,q8-csv-strategy1-no_slice.sparql,2,1,2,1,0,2
B,false,q8-csv-strategy1-no_slice.sparql,3,1,2,1,0,2
B,false,q8-csv-strategy1-no_slice.sparql,4,1,3,2,0,4
B,false,q8-csv-strategy1-no_slice.sparql,5,1,2,1,0,2
B,false,q8-csv-strategy1-no_slice.sparql,6,1,2,1,0,2
B,false,q8-csv-strategy1-no_slice.sparql,7,1,4,3,0,8
B,false,q8-csv-strategy1-no_slice.sparql,8,1,2,1,0,2
B,false,q8-csv-strategy1-no_slice.sparql,9,1,2,1,1,2
B,false,q8-csv-strategy1-no_slice.sparql,10,1,2,1,0,2
B,false,q8-csv-strategy1-no_slice.sparql,11,1,3,2,0,4
B,false,q9-csv-strategy1-no_slice.sparql,1,1,5,4,0,16
B,false,q9-csv-strategy1-no_slice.sparql,2,1,2,1,0,2
B,false,q9-csv-strategy1-no_slice.sparql,3,1,4,3,0,8
B,true,q1-csv-strategy1-no_slice.sparql,1,16,5,4,3,16
B,true,q10-csv-strategy1-no_slice.sparql,1,2,2,1,0,2
B,true,q10-csv-strategy1-no_slice.sparql,2,4,3,2,1,4
B,true,q11-csv-strategy1-no_slice.sparql,1,4,3,2,1,4
B,true,q11-csv-strategy1-no_slice.sparql,2,8,4,3,1,8
B,true,q11-csv-strategy1-no_slice.sparql,3,1,1,2,0,4
B,true,q11-csv-strategy1-no_slice.sparql,4,2,2,1,0,2
B,true,q12-csv-strategy1-no_slice.sparql,1,4,3,2,1,4
B,true,q12-csv-strategy1-no_slice.sparql,2,4,3,2,1,4
B,true,q12-csv-strategy1-no_slice.sparql,3,4,3,2,0,4
B,true,q12-csv-strategy1-no_slice.sparql,4,4,3,3,0,8
B,true,q13-csv-strategy1-no_slice.sparql,1,4,3,2,0,4
B,true,q13-csv-strategy1-no_slice.sparql,2,2,2,1,1,2
B,true,q13-csv-strategy1-no_slice.sparql,3,4,4,3,1,8
B,true,q14-csv-strategy1-no_slice.sparql,1,16,5,4,1,16
B,true,q14-csv-strategy1-no_slice.sparql,2,4,3,2,0,4
B,true,q14-csv-strategy1-no_slice.sparql,3,2,2,1,1,2
B,true,q14-csv-strategy1-no_slice.sparql,4,2,2,1,0,2
B,true,q15-csv-strategy1-no_slice.sparql,1,12,4,2,1,24
B,true,q16-csv-strategy1-no_slice.sparql,1,8,4,3,7,8
B,true,q16-csv-strategy1-no_slice.sparql,2,4,3,3,1,8
B,true,q17-csv-strategy1-no_slice.sparql,1,2,2,1,0,2
B,true,q17-csv-strategy1-no_slice.sparql,2,2,2,1,0,2
B,true,q17-csv-strategy1-no_slice.sparql,3,8,4,3,1,8
B,true,q17-csv-strategy1-no_slice.sparql,4,8,4,3,0,8
B,true,q18-csv-strategy1-no_slice.sparql,1,2,2,2,0,4
B,true,q18-csv-strategy1-no_slice.sparql,2,8,4,3,1,8
B,true,q18-csv-strategy1-no_slice.sparql,3,2,2,1,0,2
B,true,q18-csv-strategy1-no_slice.sparql,4,2,2,1,0,2
B,true,q18-csv-strategy1-no_slice.sparql,5,2,2,1,0,2
B,true,q2-csv-strategy1-no_slice.sparql,1,2,2,1,0,2
B,true,q2-csv-strategy1-no_slice.sparql,2,2,2,1,0,2
B,true,q2-csv-strategy1-no_slice.sparql,3,2,2,1,0,2
B,true,q2-csv-strategy1-no_slice.sparql,4,4,3,2,0,4
B,true,q3-csv-strategy1-no_slice.sparql,1,2,2,1,0,2
B,true,q3-csv-strategy1-no_slice.sparql,2,2,2,1,0,2
B,true,q3-csv-strategy1-no_slice.sparql,3,2,2,1,0,2
B,true,q3-csv-strategy1-no_slice.sparql,4,4,3,2,0,4
B,true,q3-csv-strategy1-no_slice.sparql,5,2,2,1,0,2
B,true,q4-csv-strategy1-no_slice.sparql,1,2,2,1,0,2
B,true,q4-csv-strategy1-no_slice.sparql,2,2,2,1,0,2
B,true,q4-csv-strategy1-no_slice.sparql,3,2,2,1,0,2
B,true,q4-csv-strategy1-no_slice.sparql,4,2,2,1,0,2
B,true,q4-csv-strategy1-no_slice.sparql,5,2,2,1,1,2
B,true,q4-csv-strategy1-no_slice.sparql,6,8,4,3,0,8
B,true,q4-csv-strategy1-no_slice.sparql,7,2,2,1,0,2
B,true,q5-csv-strategy1-no_slice.sparql,1,8,4,3,1,8
B,true,q6-csv-strategy1-no_slice.sparql,1,4,3,2,0,4
B,true,q7-csv-strategy1-no_slice.sparql,1,2,2,1,0,2
B,true,q7-csv-strategy1-no_slice.sparql,2,2,2,1,1,2
B,true,q7-csv-strategy1-no_slice.sparql,3,2,2,1,0,2
B,true,q7-csv-strategy1-no_slice.sparql,4,4,3,2,1,4
B,true,q7-csv-strategy1-no_slice.sparql,5,2,2,1,0,2
B,true,q7-csv-strategy1-no_slice.sparql,6,2,2,1,0,2
B,true,q7-csv-strategy1-no_slice.sparql,7,4,3,2,0,4
B,true,q7-csv-strategy1-no_slice.sparql,8,2,2,2,0,4
B,true,q7-csv-strategy1-no_slice.sparql,9,2,2,1,0,2
B,true,q7-csv-strategy1-no_slice.sparql,10,4,3,2,1,4
B,true,q8-csv-strategy1-no_slice.sparql,1,2,2,1,0,2
B,true,q8-csv-strategy1-no_slice.sparql,2,2,2,1,1,2
B,true,q8-csv-strategy1-no_slice.sparql,3,2,2,1,1,2
B,true,q8-csv-strategy1-no_slice.sparql,4,4,3,2,0,4
B,true,q8-csv-strategy1-no_slice.sparql,5,2,2,1,0,2
B,true,q8-csv-strategy1-no_slice.sparql,6,2,2,1,0,2
B,true,q8-csv-strategy1-no_slice.sparql,7,8,4,3,0,8
B,true,q8-csv-strategy1-no_slice.sparql,8,2,2,1,0,2
B,true,q8-csv-strategy1-no_slice.sparql,9,2,2,1,0,2
B,true,q8-csv-strategy1-no_slice.sparql,10,2,2,1,0,2
B,true,q8-csv-strategy1-no_slice.sparql,11,4,3,2,0,4
B,true,q9-csv-strategy1-no_slice.sparql,1,16,5,4,2,16
B,true,q9-csv-strategy1-no_slice.sparql,2,2,2,1,0,2
B,true,q9-csv-strategy1-no_slice.sparql,3,8,4,3,1,8
